POINT_FID,site,lon,lat,tmin_1930s,tmin_1940s,tmin_1950s,tmin_1960s,tmin_1970s,tmin_1980s,tmin_1990s,tmin_2000s,tmin_2010s,geometry,ppt_1930s,ppt_1940s,ppt_1950s,ppt_1960s,ppt_1970s,ppt_1980s,ppt_1990s,ppt_2000s,ppt_2010s
0,Aiken US-SC,-81.617906,33.563557,7.30431686,7.280904243,6.419276759,5.676442736,6.234304605,6.082224551,6.024905797,6.024888155,6.763836345,"c(1321072.92304883, 1266369.51728442)",34652.58841,43103.40504,35633.07584,35448.80964,41166.83348,42558.29035,48255.5764,42497.46589,45876.92372
1,Albany County US-NY,-73.898028,42.504645,-1.499287947,-1.641294038,-1.208371622,-2.039408803,-1.90227702,-2.401559578,-1.295205718,-1.016736553,-0.271368356,"c(1788892.51796323, 2376310.69901198)",36221.71734,40612.89261,48528.51063,37733.28155,47956.57032,37604.12171,44489.66636,53451.27196,48375.02261
2,Ames US-IA,-93.571139,42.007691,-1.972093264,-1.535178812,-2.27822246,-2.040327085,-2.790254627,-3.232234446,-2.353820884,-2.303133842,-1.965130225,"c(199769.537827214, 2114325.71196856)",23592.92445,24980.73414,17969.50886,18072.48981,27437.8785,27350.0264,23712.16768,27255.42723,27885.3764
3,Ann Arbor US-MI,-83.778123,42.3172,-0.507608168,-0.169797333,-0.500450562,-0.604203143,-0.486337675,-0.940841188,-0.366376215,-0.499708453,-0.12907072,"c(998128.743935896, 2210659.82067882)",24560.94546,30428.81267,33587.77439,27213.76015,32925.3722,36225.45103,33080.77423,36291.80119,34232.20115
4,Appleton US-WI,-88.415759,44.261767,-2.346964771,-2.222120629,-2.959478014,-2.546248443,-2.832636619,-3.304658418,-2.746150001,-2.448995752,-1.844511884,"c(603127.997775089, 2387582.89967085)",24494.43011,25223.18137,24308.15433,24104.5728,26990.86633,30716.28023,23575.13944,27393.0949,33076.31539
5,Ashtabula US-OH,-80.657439,41.894607,1.217928559,0.849129036,0.741276745,0.502874573,0.818031654,0.418357463,1.155233757,1.597081976,1.889899747,"c(1258594.30949479, 2200939.77682691)",28561.35124,30660.519,35528.35272,32973.97129,36698.8683,40067.1702,36475.8056,38295.21276,43598.06951
6,Atlanta US-GA,-84.525,33.85835,5.950216258,5.926439857,5.214242086,4.240745278,4.981454856,5.355036014,5.664584168,5.478794242,6.150852664,"c(1051538.73947945, 1262709.82914107)",48428.11683,49240.01648,44103.90892,53271.24,53969.55277,51214.13269,52521.38208,54151.27471,59210.73748
7,Austin US-TX,-97.698041,30.183391,9.494963181,9.211684966,8.651469323,9.144854342,8.66351684,9.170985576,9.306422863,9.233200252,9.506724037,"c(-163289.485545663, 791188.915325224)",31743.93437,37562.66911,30420.91312,39245.34244,36493.82113,37699.27574,44756.1741,46101.63899,44201.07915
8,Battle Creek US-MI,-85.279465,42.376671,-0.16467085,-0.03955898,-0.346993974,-0.456816248,-0.362409515,-0.739842679,-0.351798006,0.042371845,0.398852503,"c(875326.756378953, 2202462.55342862)",30780.66493,33667.47515,34805.91076,33312.50898,36857.36642,38898.84625,39274.00784,43281.95595,42665.0518
9,Bedford County US-PA,-78.591437,40.002554,-0.047585674,-0.132548153,-0.564012793,-0.872103816,0.30062554,-0.525638136,-0.306299959,-0.179660167,0.48203015,"c(1464881.11125357, 2021811.58770608)",33951.67132,37564.80247,39178.87796,32348.35221,45731.86541,38072.02734,41538.05604,41477.87334,44385.12744
10,Bennington US-VT,-73.215509,42.889162,-2.603314404,-3.483570444,-2.799366124,-3.243322851,-3.20948945,-3.645435503,-2.484603174,-2.33574634,-1.689297683,"c(1832883.42456353, 2431097.74930742)",43884.96394,48858.10821,57477.22441,47753.45335,55716.88655,50887.96879,54992.79259,64645.58195,59150.07843
11,Bethlehem-Easton US-PA,-75.316922,40.618447,0.601433182,0.481260949,0.582055386,-0.365851286,0.661273894,0.407773057,0.48274584,0.847086162,1.413682635,"c(1721511.60067539, 2144338.99556234)",41289.76359,44178.11352,52950.04344,40456.94372,53875.27701,44866.10374,51581.60555,59154.55166,52622.48892
12,Blacksburg US-VA,-80.4428585,37.2243005,0.95998195,1.207786379,0.741733191,-0.030380374,0.639436186,0.680980953,0.760582175,1.059660317,1.541583562,"c(1361312.72322178, 1687564.44820979)",36408.55879,35627.87792,35065.28151,37240.34315,44141.7687,38972.16446,36201.71558,40062.29385,44957.19452
13,Block Island US-RI,-71.5722155,41.1995475,2.619157714,2.336685206,3.236188259,2.552507411,3.238688698,2.804406918,3.477049918,3.610236341,4.397782031,"c(2010298.74931153, 2281133.55149915)",20909.50043,21887.55288,24027.5232,23122.41185,23800.4432,22907.09996,22033.73551,25039.05463,24784.84845
14,Bowling Green US-KY,-86.4359,36.9159,3.495995332,3.264001221,2.316870839,2.027135993,2.889919302,2.831867216,3.322700897,3.270757216,3.331202681,"c(842700.616085694, 1583773.36461675)",41813.4277,49144.41113,48127.64508,45648.66483,59396.44816,55496.20298,55038.41231,57291.29627,55910.95884
15,Brevard US-NC,-82.66850367,35.161071,2.734527922,2.90724922,2.21507127,1.868864195,2.636332831,2.645937382,2.716734994,2.719213856,3.037080539,"c(1200255.26612345, 1429149.49822304)",69650.29104,68790.37698,64230.3533,72485.13792,82647.33985,73937.98517,75575.27523,71598.39449,85464.67981
16,Bristol US-CT,-72.9495,41.6718,-0.2949378,-0.925748721,0.213904742,-0.813324083,-0.247473694,-0.723038344,-0.209392904,0.189761467,0.849008122,"c(1886558.69871896, 2304114.98267435)",45373.49585,51746.85989,65089.66854,50045.12878,59952.25074,56565.40087,63932.02697,63279.55727,59778.08556
17,Buckeye Lake US-OH,-82.483302,39.933308,0.487681151,0.57581397,-0.237794545,-0.569613214,0.459987613,0.19298631,0.440695878,0.543225078,1.100637119,"c(1141025.19670177, 1960786.67201671)",31180.96513,33303.73768,34325.10295,32773.415,38172.82599,41753.59045,37027.96262,42892.52775,45180.18012
18,Buffalo US-NY,-78.965066,43.001569,0.530731582,0.652296482,0.840743335,0.508022141,0.980296134,0.533068975,1.107303247,1.28460829,1.736537758,"c(1373944.53884438, 2346349.93063281)",20187.18322,24753.66771,26368.87072,23081.02251,28510.64271,29168.97401,26551.64341,29970.79631,30515.24843
19,Cadiz US-OH,-81.084681,40.299181,0.438358311,0.668338469,0.070458956,-0.342533435,0.598409484,0.374730176,0.746917083,1.082241439,1.622254138,"c(1251758.81429643, 2018930.16861279)",31321.90184,35166.07241,33798.08914,31977.02345,38799.02778,40607.87321,37536.16253,40352.40046,47506.27182
20,Chapel Hill US-NC,-79.055768,35.913143,4.304326547,4.09840831,3.409808727,2.726926904,3.341597911,3.416498124,3.976134391,4.223382247,4.573020081,"c(1507502.9391988, 1563760.93690434)",40480.68716,42700.22811,43077.08594,39667.32903,47151.36531,47181.25239,45855.15648,46325.99509,48686.09638
21,Charleston US-WV,-81.7071265,38.3560005,1.640270898,1.787593395,1.241723367,0.763263583,1.844913732,1.505827214,1.599089034,1.717433138,2.099437026,"c(1232552.637492, 1795589.33705984)",34274.33545,37928.93457,36757.12521,38579.70278,47489.4642,46266.96426,40934.14872,44360.45537,50929.01909
22,Charlottesville US-VA,-78.566692,38.066769,3.025607752,3.095467858,2.607987202,1.843816594,2.954452435,2.231055164,2.361554407,2.548106245,3.090386644,"c(1506516.3278986, 1808878.24313362)",40564.12865,42930.88904,43215.98555,39609.58425,57315.08165,45900.157,48199.11475,50270.24089,49808.40344
23,Chester US-SC,-81.2167,34.7,4.722252843,5.112056826,4.226684136,3.760012278,4.977044675,4.674573872,4.494434808,4.548265583,4.954561096,"c(1337951.7136183, 1397516.12677239)",42383.6949,43320.12361,36758.15632,38776.14555,45969.77966,46674.14561,49352.0948,41561.73927,48205.10259
24,Cleveland US-OH,-81.503854,41.572297,1.553762042,1.762237404,1.403464842,1.137413556,1.286803283,1.085823071,1.77358344,1.981268859,2.258284918,"c(1195195.73348779, 2154390.3518753)",24277.45141,28116.89695,32344.7725,29062.41513,33358.55413,35788.5171,33123.67984,35636.06741,41405.01704
25,Columbia US-MO,-92.334835,38.891544,1.815921628,1.869235502,1.114436484,1.436366954,1.607496697,0.864833667,1.950259513,1.824203052,2.156537069,"c(314868.789841925, 1768826.57583421)",34698.0661,39506.45742,26803.93712,32755.2346,38127.56099,47600.59084,38383.79735,41877.83594,40872.55449
26,Columbus US-OH,-82.931537,39.985106,1.10152794,1.237575558,0.45998371,0.041803081,0.958555681,0.673847288,1.244272347,1.370822436,1.622395916,"c(1102634.33964604, 1961242.65710761)",30231.07487,32686.8942,33094.35339,31630.32285,37383.40374,40856.78494,36400.26171,41429.74103,45218.48426
27,Danforth US-ME,-67.8667,45.65,-4.917762634,-5.134570546,-3.95393019,-4.523076477,-5.406634578,-5.356998299,-4.607771912,-3.862234278,-3.404147516,"c(2162005.1943958, 2840368.15435845)",40772.42147,41556.29611,48986.6734,50672.74623,46642.27989,42904.97256,45652.89357,58619.83404,62877.38729
28,Davenport US-IA,-90.513245,41.552176,-0.165758721,-0.013869484,-0.707187019,-0.390979201,-0.613445025,-1.267609125,-0.525459479,-0.599510101,-0.450059085,"c(454015.356543168, 2073915.08191025)",27498.10254,27803.63274,27044.77923,27910.66394,29297.24563,35375.00419,30658.84071,29816.70802,33564.3804
29,Dayton US-OH,-84.179447,39.819951,1.085246799,1.462771453,0.845759029,0.490524032,1.052782767,0.461820027,1.220972357,1.301161196,1.522925516,"c(1000211.94762861, 1929088.06032789)",33564.59553,34855.12626,35907.00039,32401.29884,39110.09019,43008.32688,37808.35118,43646.15816,46718.62303
30,Des Moines US-IA,-93.703668,41.600393,-1.044357668,-0.672474486,-1.532601669,-1.261951385,-1.798180338,-2.206428159,-1.495889093,-1.55218698,-1.055750143,"c(189972.500260279, 2068496.61070561)",23733.26218,25240.45238,17948.82185,18731.83002,27424.39294,27868.47797,24002.89534,25634.05882,26466.55881
31,Detroit US-MI,-83.551042,42.721341,-0.574622412,-0.156189883,-0.457354123,-0.446004732,-0.265032805,-0.752697504,-0.273226817,-0.366862864,-0.001759287,"c(1010667.36903691, 2257858.12671306)",25552.71305,30932.25787,33411.11604,26014.37238,33796.0345,35159.58676,32398.88786,36435.87877,33533.88175
32,Erie US-PA,-80.033301,42.083311,0.646984107,0.695512033,0.344603602,-0.116549737,0.400682777,0.084436163,0.903221753,0.985316996,1.372996686,"c(1305791.10367045, 2230184.22459409)",34503.77976,36238.41673,41444.76956,38766.59239,43934.64684,47127.3002,43824.03759,44816.92836,49167.72727
33,Fargo-Moorhead US-ND,-96.832898,46.934002,-7.267910021,-6.38038248,-6.480761703,-6.522574455,-7.165381808,-7.359080331,-6.359880644,-5.536502478,-5.744359794,"c(-63702.8275195907, 2660665.79832421)",11991.67295,13480.05418,11832.36737,10907.43048,15776.69323,15609.42998,15423.29748,20650.89469,15974.57819
34,Fayetteville US-AR,-94.171866,36.056639,3.899225642,3.788001184,2.59355325,3.199632139,3.219215701,2.920361067,3.54656185,3.340973042,3.589466943,"c(163192.1301749, 1446649.98177708)",43881.69313,49535.11463,36513.11904,40732.75018,51397.90177,56789.09979,58232.33307,45888.85884,49033.37339
35,Fort Myers US-FL,-81.990556,26.555091,17.03193208,17.22433581,16.28168931,16.13842962,16.70703122,17.2318486,17.55207254,17.16693882,17.84312937,"c(1401294.22676429, 492201.780188598)",25273.41794,22793.31439,35656.19354,25813.25982,24515.28254,26724.61325,30326.57057,22981.81818,25546.96913
36,Fort Plain US-NY,-74.624743,42.931641,-2.314214174,-2.446387142,-2.001988382,-2.570540321,-2.167021208,-2.686757098,-1.862222322,-1.822830132,-1.224095414,"c(1720443.06170434, 2409369.98825633)",41313.42902,45448.47286,47551.72313,41907.82638,51417.59624,44296.94121,47513.53175,57168.85666,53504.97238
37,Fort Wayne US-IN,-85.132849,41.199807,-0.089585728,0.191875668,-0.356357937,-0.580326717,-0.246949956,-0.527227512,0.124073931,0.162941417,0.426154828,"c(902270.500963149, 2073006.30255665)",28435.85571,34300.71788,37109.90213,32968.86039,35020.53383,38982.67203,37494.97912,39668.7032,37646.13884
38,Freeport-Brunswick US-ME,-70.026823,43.822859,-1.084910461,-1.57192194,-0.456729159,-0.981688539,-1.3396736,-1.658657568,-0.525948648,-0.798778056,-0.268350573,"c(2055245.69497553, 2597179.36813329)",43775.23338,46509.93814,54495.24696,55022.06233,56275.08413,49347.23245,51783.50897,61705.62484,58389.14809
39,Gainesville US-FL,-82.312747,29.602692,11.47693651,11.88548814,11.07688486,10.72127107,11.1695725,11.36985875,11.59830653,10.95157547,11.64727899,"c(1320984.41814533, 820597.593398471)",29453.84991,40302.18883,38137.17771,32943.94254,33642.09941,33520.05558,39789.96993,32675.74315,33933.1078
40,Greenwich-Stamford US-CT,-73.61382,41.082632,1.563737978,1.569776878,2.122466826,1.494726017,2.410857901,1.904088708,2.581746884,2.838644453,3.468943768,"c(1848604.28584827, 2226985.82156966)",43122.43867,48485.42167,60395.67686,46482.04944,55488.85388,52507.80201,53649.06757,58458.2774,52939.08454
41,Grove City US-PA,-80.13077,41.165421,-0.39086013,-0.284925115,-0.608217517,-0.843410098,-0.268176965,-1.094526721,-0.755933447,-0.154823468,0.306925932,"c(1314967.35874352, 2127558.98249488)",34110.52576,37974.8557,40551.65173,37208.58372,42283.7929,43192.72576,41613.76431,42312.3925,48816.17862
42,Hamilton-Fairfield US-OH,-84.536026,39.400444,1.173373994,1.550439908,0.661150398,0.475834167,1.103019528,0.693482518,1.193181141,1.375306002,1.59051807,"c(975845.684370874, 1878721.217112)",33509.22502,35852.92456,37199.50231,33489.51384,43002.81999,44929.81668,40784.59767,45428.64264,49641.52637
43,Hanover-Norwich US-NH,-72.233303,43.716709,-4.15099324,-4.329268794,-3.659876596,-4.265181325,-4.003680746,-4.401083812,-3.330465448,-3.21907117,-2.526121811,"c(1887409.2916544, 2539966.86067299)",41277.40204,44086.27841,47291.43425,46212.36774,50385.99101,46643.91186,46996.2211,56824.38079,53334.8744
44,Harlingen US-TX,-97.724001,26.130136,14.31595507,14.6728637,14.14921393,14.12335158,14.02433533,14.57813772,14.76279982,14.5659163,15.20231004,"c(-173907.030611827, 343601.140646424)",20092.26608,19358.36102,19327.88446,21473.26132,20001.61388,17460.66147,23754.93656,23713.77031,21583.32055
45,Harrisburg US-PA,-76.934898,40.234018,1.289649485,1.179158105,0.855331185,0.453207924,1.66862646,0.830583641,1.208002772,1.4436907,1.884500982,"c(1597314.19956019, 2073959.19352831)",38653.68008,45186.07662,45045.72938,37240.92979,48090.76273,39680.74598,45597.14851,48542.17647,49907.2063
46,Houston US-TX,-94.949188,29.749706,12.00700294,11.66653318,11.27274885,11.66850715,11.11719616,11.91633228,11.99093792,12.10519158,12.60850169,"c(101585.12806394, 742168.716488291)",48860.9014,70436.65548,44537.37181,54768.85684,57904.62084,57484.94817,63673.10154,74163.48598,57080.85029
47,Indian Lake US-OH,-83.916701,40.483311,0.400967794,0.600320334,0.030852556,-0.408583031,0.429479067,0.018383671,0.617133178,0.663083717,0.994581601,"c(1012901.58282987, 2005605.09669188)",29911.84263,32415.07728,33970.81577,31191.83989,35724.05018,39641.71308,35241.15548,41478.51713,43998.58485
48,Indianapolis US-IN,-86.038867,39.869391,1.186562924,1.247297741,0.442513613,-0.115462965,0.492439468,0.300801579,1.001175351,1.06592693,1.328021667,"c(842925.784112727, 1916559.96348641)",34021.37544,36285.07618,39189.91662,35752.39117,41548.98217,44300.03928,42140.23689,47723.05679,46142.76811
49,Iowa City US-IA,-91.607627,41.75218,-1.399508643,-0.968623548,-1.858828884,-1.397955201,-1.339700107,-1.74401647,-1.212919397,-1.555740996,-1.412572587,"c(362496.406367234, 2091565.36278449)",26600.54128,27167.74397,23753.97112,26120.91578,27274.74847,32717.35377,27879.23892,30983.09005,31418.49891
50,Jacksonville US-FL,-81.487729,30.415201,12.87604385,13.11214725,12.2994076,12.06683224,12.23787052,12.66856491,13.24662358,12.71723893,13.57523426,"c(1386290.82287182, 921525.944011692)",28979.57658,34640.86253,36187.81673,28236.61372,26881.72048,30351.40158,37731.40333,29495.29469,34021.83884
51,Keokuk US-IA,-91.458118,40.472595,0.777187424,1.028526987,0.068749272,0.427280836,0.362899511,-0.146621492,0.663431572,0.576875579,0.726292778,"c(381670.244322388, 1949045.7739349)",30137.66412,33675.60715,24543.55544,29131.66599,32717.20129,40872.59175,34504.97817,33120.80283,35230.39236
52,L.I.: Brooklyn US-NY,-73.944835,40.616037,2.997236978,3.544542979,4.136634512,3.681443278,4.49915707,3.966005238,4.839552268,4.860433067,5.670677665,"c(1833784.18934062, 2169741.93168082)",36893.76371,41018.81654,46187.89692,38326.22133,48249.88188,43453.12543,42436.32861,50517.12118,46601.74979
53,L.I.: Smithtown US-NY,-73.138581,40.913306,2.54566622,2.350324853,3.02661284,2.382021117,3.2502476,2.898709674,3.497111305,3.627577117,4.260829189,"c(1891613.90802718, 2217912.3928756)",45829.44372,51342.50472,59762.64533,48041.05367,57342.33787,53416.89341,54330.71638,58878.88254,54961.73966
54,Lafayette US-IN,-86.915673,40.460481,0.658671948,0.960934294,-0.295004681,-0.2818441,0.184334081,-0.071309145,0.359065322,0.413707619,0.512651145,"c(762645.500152841, 1975045.39456616)",30801.02771,35524.74097,32532.53851,32565.80732,34409.14576,38772.66208,35961.50652,40838.03242,39250.83241
55,Lake Geneva US-WI,-88.500001,42.583308,-1.18382868,-1.284790913,-1.702244703,-1.528672643,-1.689653262,-2.298593085,-1.52706535,-1.584928435,-1.412383048,"c(611214.158731998, 2200269.95095286)",28778.2291,27539.39019,30443.53812,28533.45574,30267.19873,36609.77505,31060.60515,34066.99344,34971.41689
56,Lakewood US-OH,-81.857636,41.460226,1.679946822,1.962975502,1.479975987,1.049136998,1.615961085,1.376128477,2.021050783,2.271871894,2.722338155,"c(1168104.78119684, 2137590.35994827)",22427.89092,25683.96508,29309.15576,26031.18429,30008.02281,33066.88986,30434.41045,33711.8991,38544.91745
57,Lancaster US-OH,-82.601925,39.713732,0.405741044,0.578172566,-0.193518619,-0.73514284,0.364246332,0.10808335,0.354273074,0.580141219,1.094724676,"c(1134535.61555914, 1935008.05489395)",30835.48419,32710.70016,33423.15241,32276.19979,37246.56973,40481.41167,36123.21211,42080.63663,44949.88707
58,Lancaster US-PA,-76.361408,39.992071,1.518670677,1.713727172,1.332535246,0.745583241,1.838598102,1.175069345,1.64410912,2.031138579,2.736485803,"c(1650248.72719849, 2057210.33152706)",38401.7993,44580.90449,46214.98698,38210.74594,49463.97499,42828.19399,47010.62405,52225.24153,51413.28261
59,Lawrence US-KS,-95.28147033,38.99221033,1.847707582,1.951889284,1.085191976,1.293296137,1.115699734,0.672240266,1.631895684,0.910908516,0.779099759,"c(61657.2074267795, 1774270.12020638)",25106.63259,30664.73796,21494.22608,26456.70734,31387.79668,32594.07613,32526.3167,30849.62039,30415.93308
60,Lexington US-VA,-79.4884625,37.824021,0.965182146,1.375064545,1.14260623,0.368545107,1.377893343,0.927093456,0.878021102,1.200336499,1.83992856,"c(1432389.96245036, 1767850.0957486)",41698.9009,40555.28332,40726.74593,41051.28824,51861.53946,45156.50869,42970.21536,47838.59192,48629.25841
61,Lincoln US-NE,-96.749367,40.799224,-0.629231928,-0.559972083,-1.12249206,-1.121795797,-1.355889764,-1.670021796,-1.29915083,-1.677406886,-1.615745158,"c(-62706.7856391531, 1976754.69918706)",15580.93952,18969.51967,14174.11225,15382.92892,24177.34816,20132.01037,19465.53595,22617.07966,23802.47916
62,Lititz US-PA,-76.302432,40.226124,1.357374174,1.542014045,1.116252178,0.453643751,1.468818227,0.938491245,1.377424164,1.744589547,2.397260105,"c(1649736.97275487, 2083898.07249923)",38361.51201,44737.83244,47567.75079,38007.60494,49743.91403,42629.78992,47389.98359,51319.22738,49709.15597
63,Loch Raven US-MD,-76.6334,39.47615,2.309094868,2.846299247,2.174143666,1.75517461,2.986364308,2.263679254,3.224921784,3.184473698,3.756050552,"c(1639412.88246685, 1995902.08285574)",40230.20906,46985.15519,46668.58492,41368.00296,54004.96363,46803.4642,51397.24979,55171.69647,54474.91739
64,Lynchburg US-VA,-79.194205,37.398628,3.030611272,2.890065831,2.424996427,1.720633296,2.631916953,2.357198221,2.318102918,2.071966086,2.963084089,"c(1466039.82852867, 1725392.75888177)",42383.00341,41191.49301,41992.07075,40112.55969,52333.50736,45312.36134,44494.30127,51223.48087,49921.76329
65,Macon US-GA,-83.6662613,32.832132,7.142630194,7.096999316,6.346391172,5.788877605,6.55114461,6.755340574,6.65750188,6.304399612,7.170972343,"c(1144634.05287032, 1158943.71402435)",36750.66999,46596.88631,38266.12034,38239.53397,43196.54008,44869.32359,45312.65497,46219.58826,48970.98242
66,Madison US-WI,-89.384305,43.074708,-1.747282034,-1.743589106,-2.458894132,-2.21872198,-2.773000014,-3.624095992,-2.715493016,-2.281866257,-1.925754909,"c(535452.50276419, 2249692.77835303)",26082.77762,25743.54255,27334.63196,25188.94725,26950.12654,32811.21674,27685.03798,31639.11149,34992.5515
67,Memphis US-TN,-89.933301,35.150007,5.987897053,5.797932433,5.240437006,4.959555859,5.489959714,5.60917341,5.53405354,5.347778353,5.77426091,"c(547696.733016811, 1361073.44303648)",53246.6691,59417.33946,47504.39635,49706.10632,60772.76426,71075.08834,59212.08315,71577.24794,59187.26763
68,Merritt Island N.W.R. US-FL,-80.681486,28.617082,15.06186646,15.80041348,14.93832333,14.46646858,14.9470642,15.22391587,15.82260128,16.18347935,16.4133759,"c(1494645.5936798, 736882.214931756)",33348.681,29856.73252,41359.32325,28917.39176,29922.31599,33609.2957,37117.10343,29042.89215,29085.38776
69,Minneapolis (north) US-MN,-93.311552,45.143775,-4.025409148,-3.788570556,-4.146128239,-3.786358705,-4.546597654,-4.838563428,-4.066375405,-3.287319208,-3.191097384,"c(211216.239356737, 2464704.78748779)",19676.82007,20358.08884,16850.90917,19295.75193,25260.17582,22273.93505,24769.67758,25477.84371,26406.58037
70,Moon Lake (Lula) US-MS,-90.493051,34.493694,6.047549123,6.119167232,5.355491009,4.660176464,5.269276707,5.641057075,5.784678057,5.700274759,6.086129523,"c(501474.431821009, 1284701.24298956)",56338.36309,57859.92464,47365.21244,52093.02049,61015.48541,72234.89318,56446.22541,71939.89701,61778.95447
71,Moorestown US-NJ,-74.939096,39.942216,2.333597641,2.621819461,2.756125263,1.971099469,3.106319861,2.262514635,2.816312014,3.198525762,3.546639541,"c(1769099.38485765, 2077339.86373011)",40783.49243,43904.91458,49402.48592,41624.78325,53662.87576,45146.81491,45994.81449,58571.91631,52286.77469
72,Mount Desert Island US-ME,-68.311642,44.336028,-0.805002519,-1.042674849,0.079247955,-0.25542229,-0.659098787,-1.423311956,-0.328495862,-0.297839326,0.139839165,"c(2170793.2439419, 2690271.28585214)",47456.98033,48862.71416,59887.59347,63736.28972,58871.77157,54478.87029,57605.08496,62760.30749,61632.24803
73,Muncie US-IN,-85.366709,40.183281,0.557275039,0.818976957,-0.329309178,-0.774046818,0.163227117,-0.293312126,0.278510781,0.526376408,0.887128429,"c(895647.820875252, 1957672.11057858)",32280.58983,35364.14469,38893.61739,33738.29768,39217.08376,41344.94077,39416.89859,45343.58227,44235.98396
74,New Bedford US-MA,-70.866702,41.600008,2.567258583,2.446061485,2.873578473,2.38171857,2.729479526,2.176674012,3.077067201,3.068607837,3.716329299,"c(2055301.96880543, 2339534.91329031)",49502.72034,50630.86489,55688.19656,56466.55686,59986.15456,55984.88563,59128.85633,60926.06195,64070.60361
75,New London US-CT,-72.100668,41.323618,1.892459475,1.326901371,1.947005355,0.957239041,1.84505885,1.558371903,2.187736124,2.416348477,3.424514075,"c(1964284.3491202, 2283525.75275239)",47986.26826,50896.42396,59512.91482,50719.33201,57534.97747,58217.87043,55539.97643,61787.33436,56701.94367
76,Norman US-OK,-97.376738,35.265525,4.978773665,4.854640798,4.072886215,4.519985197,4.341572421,4.378015651,4.731525897,4.226915625,4.512888567,"c(-124183.642617063, 1357412.61171424)",29794.5948,31408.27186,25736.19142,26260.13579,31014.55431,42201.12101,36380.41538,34632.74798,29677.55734
77,Oklahoma City US-OK,-97.583415,35.536807,5.069318671,5.009985772,4.103541382,4.569906492,4.281972287,4.371649958,4.845761869,4.195621792,4.509509772,"c(-142318.682764763, 1388062.83698159)",26521.44691,27756.56496,23566.97738,23954.99079,27466.83429,36132.83387,33976.57267,30364.04442,28240.29111
78,Oxford US-CT,-73.141061,41.399985,0.154187919,-0.382019498,0.820952346,-0.009417208,0.886309195,0.304332241,0.787176458,1.099557248,1.668345979,"c(1878432.37528104, 2270782.25241776)",44561.30832,50727.98816,63932.31916,48645.11914,57705.0645,55016.61354,59131.65105,62099.46277,57061.12956
79,Oxford US-OH,-84.7168165,39.503879,0.615243317,1.019867334,-0.07235737,-0.301972791,0.446771639,0.070344336,0.624681666,0.866089131,1.05801332,"c(959156.176700128, 1888389.75893728)",34536.89521,36362.73861,37536.77564,34281.86761,43210.8716,45321.3193,41072.39971,46257.82227,49297.07739
80,Parkersburg US-WV,-81.555579,39.254824,1.523947516,1.83816406,0.853662411,0.586459457,1.68383423,1.154782817,1.076029839,1.213538446,1.720147319,"c(1230267.66525845, 1897147.40650376)",33034.55717,37374.18633,35618.61813,33681.77147,43693.37215,44695.24136,38580.13892,43449.4528,48629.14162
81,Pensacola US-FL,-87.154826,30.447387,11.283809,11.34367968,10.83937918,10.43176287,10.60972687,10.78943494,10.86569474,10.81480598,11.33215697,"c(846675.445501374, 858476.900469842)",44468.46448,47170.38869,41753.23384,45846.1855,51030.47481,52030.92848,55148.14159,63876.72691,53405.00356
82,Pittsburgh US-PA,-79.9767855,40.512888,0.899696899,1.352502006,0.998406038,0.328656287,1.269185709,0.348205608,1.137501511,1.217288184,1.698917229,"c(1339869.08944075, 2057660.64214722)",30959.74168,37852.67446,35966.72425,32360.08733,39768.95901,38583.48573,38335.02938,39928.91227,48975.8402
83,Point Lookout US-MD,-76.421225,38.106111,5.189867127,5.763948052,5.225381798,4.628677946,5.67270449,5.046923143,5.546664774,5.567952594,5.976894271,"c(1688533.03077551, 1849271.9885623)",36953.49638,42663.38492,45709.43661,38934.12761,48046.04336,44394.09892,42705.89217,50575.37442,53359.60736
84,Port Tobacco US-MD,-77.008307,38.4750005,3.481804384,3.746501407,3.237211681,2.371303886,3.836992552,3.405226712,3.765330132,3.826927435,4.282599407,"c(1630379.70387816, 1879519.46855343)",37281.34934,42380.82633,44292.46813,37930.98254,49321.84483,45123.8506,42808.68733,49229.30206,48977.73843
85,Portsmouth US-OH,-83.108602,38.779842,1.179820944,1.639914156,0.962971511,0.525543686,1.619863606,0.627233865,0.762419897,1.113147435,1.624919515,"c(1106054.05782545, 1825368.13633134)",32612.29596,37004.07017,37524.41035,34085.60064,43133.23372,42871.41408,39216.90269,44202.76714,47344.74129
86,Presque Isle US-ME,-68.015489,46.681224,-5.711889457,-5.653774253,-4.99314085,-5.189867432,-6.296283708,-6.17741221,-5.0759757,-4.445337418,-4.272385585,"c(2117700.69518894, 2946470.60060927)",37849.65518,37698.44669,43093.03448,43124.24822,41481.90343,38970.90637,40857.58208,50764.78746,53225.70925
87,Princeton US-NJ,-74.664858,40.341003,1.281286228,1.463451513,1.756724218,1.187415417,2.066897454,1.011023166,1.479958556,1.99822293,2.500249669,"c(1781802.82687713, 2126035.84714868)",41126.60235,43882.34362,50234.54872,40899.83266,53352.89242,47221.11632,47465.55958,58102.09075,51521.07246
88,Raccoon Creek S.P. US-PA,-80.4167,40.5,0.510596191,0.913599579,0.412292602,0.017439936,0.998538525,0.429753226,1.310584897,1.366679015,1.73850908,"c(1303653.90938919, 2050118.3846566)",30629.90954,35822.89759,34932.18607,31422.5938,38932.02793,38599.52209,37464.23066,38952.34689,46875.44849
89,Reading US-PA,-75.866697,40.366721,1.282058821,1.283908829,0.961262542,0.025630862,0.762865108,0.549248999,0.974996099,1.434679338,1.959347964,"c(1682377.63636185, 2106943.46477693)",39196.68452,44797.35209,50625.44382,39747.44525,52108.42303,44870.51053,49557.86343,56002.19554,51543.72776
90,Rochester US-NY,-77.641348,43.223224,0.589448981,0.422816826,0.647146346,0.201535068,0.547770298,0.14584697,0.832160002,1.101643712,1.409132143,"c(1474672.8682757, 2390518.88960618)",23050.45145,28905.03372,29635.18649,26361.75075,32098.21153,30128.58215,29846.63276,31788.81923,36243.76681
91,Salem US-OH,-80.838538,40.867547,-0.104653259,0.124475136,-0.291187411,-0.495671594,0.087053373,-0.447717053,-0.076498741,0.157513548,0.753736411,"c(1262128.63078299, 2085052.05950346)",29724.97664,33706.36545,34458.07607,31666.57282,38881.96599,39352.03918,37345.54581,38340.58214,44134.64693
92,Sand Lake N.W.R. US-SD,-98.2250155,45.7833605,-6.587100145,-6.244572888,-6.737979779,-6.794538231,-7.349740318,-7.268412086,-6.529852831,-5.997220739,-5.954983987,"c(-173150.005292195, 2534834.67869189)",8568.531143,12080.08882,10363.98113,8668.791807,11321.90685,11523.65358,15306.57659,14521.44009,14336.86355
93,"Savannah, GA-SC US-GA",-81.066697,32.084189,9.166844184,9.276422889,8.825544988,8.266269185,9.388529739,10.05163873,10.10135472,9.613332539,10.43810622,"c(1397124.08004197, 1111159.35872064)",28547.40484,38691.67052,33011.68638,30991.78696,34080.19498,32520.02581,47612.5076,40479.10219,36792.91312
94,Schenectady US-NY,-73.9268389,42.74486111,-1.441446286,-1.511871105,-1.015863798,-1.845235961,-1.722446127,-2.23153128,-1.067748194,-0.939406392,-0.234726971,"c(1780422.36940011, 2401897.24863062)",35642.91255,40322.51093,45467.94221,37363.40861,46067.37106,37284.14989,42687.92782,51495.77598,47340.41949
95,Scranton US-PA,-75.662271,41.408117,-1.401856944,-1.317309091,-1.350175757,-2.217589065,-0.993122374,-1.702107703,-0.990997839,-0.742944327,-0.041885819,"c(1674432.71394326, 2224538.03641763)",40488.19798,44184.07817,52580.90506,39284.38756,52121.20912,41575.24853,49592.53887,54211.83999,48345.03214
96,Sioux City US-IA,-96.407241,42.491356,-2.438069233,-2.510342234,-3.131911893,-3.307752165,-3.370507816,-3.609123642,-3.163637517,-3.327130534,-3.357624268,"c(-33266.6220724809, 2165931.31080558)",12927.70599,17181.10593,13400.93336,12691.32457,19788.24077,19810.15042,18993.46495,22796.08657,20518.47508
97,Spartanburg US-SC,-81.950006,34.900019,4.580364398,5.022077772,4.315259844,3.722984903,4.340307817,3.957589865,4.133494551,4.473775276,4.832836126,"c(1268785.5230287, 1409576.67923191)",54246.77502,51131.41831,42582.09223,48500.21315,55095.24485,53206.76083,54528.8614,49052.28281,59003.88275
98,Springfield US-IL,-89.65,39.8,1.339933408,1.668312822,0.66105128,0.724202604,0.987792964,0.465050449,0.944595473,0.798213302,1.165126654,"c(538450.256155051, 1882563.20473015)",31155.93209,37881.82095,28025.74882,32365.85988,33484.43058,40951.18355,37833.5995,43094.24456,35357.49407
99,Staten Island US-NY,-74.150001,40.583307,2.146174375,2.547080654,3.056152635,2.642087818,3.477305375,2.79192964,3.801152357,3.783170771,4.585393277,"c(1817864.17870289, 2162231.54910069)",40570.01458,45071.16818,50810.039,41752.70828,53649.90195,47763.0447,46495.12204,56181.26765,50956.6387
100,Syracuse US-NY,-76.083301,43.100007,-0.427083725,-0.864833259,-0.349550465,-1.074643843,-0.641277337,-1.25066813,-0.337106635,-0.241912407,0.275726696,"c(1600922.68638319, 2402247.7800267)",40013.71068,46619.97476,47792.33935,44975.86469,53164.36402,47999.76081,48571.17369,56720.16252,59296.02517
101,Terre Haute US-IN,-87.407025,39.416534,1.526901815,1.712552205,0.618760245,0.61923377,1.230138259,0.850330055,1.39987063,1.274815347,1.502474572,"c(732073.650381219, 1854714.1330071)",34847.57375,37484.30794,36666.04208,35235.9779,39265.03679,46387.30964,44208.53569,50875.17653,46923.78636
102,Toledo US-OH,-83.533301,41.650001,0.483148082,0.697450059,0.55447861,0.289595642,0.338446379,0.062514868,0.900604392,0.786507177,1.408040036,"c(1027771.84449298, 2139262.59130622)",23607.1009,28677.06031,31873.15077,28463.98774,31148.97712,37444.25614,32498.13962,34845.0207,33600.90976
103,Tulsa US-OK,-95.91185033,36.27958367,4.298565211,4.287884266,3.267890277,3.470324824,3.543973715,3.729288826,4.104634121,4.002619699,4.128847093,"c(7846.18459061575, 1470052.87200013)",34493.30752,34905.98565,27864.46917,28625.30354,40177.33161,44305.32804,43999.54963,36192.41974,36469.49661
104,Valley City US-ND,-98.000019,46.933347,-7.684729142,-6.980081059,-7.235537775,-7.596884982,-8.353388624,-8.228216935,-7.399537629,-6.72781687,-6.451750099,"c(-152960.341195165, 2661923.76528356)",10390.79793,12294.50339,10313.03435,8535.041803,11516.07939,12949.4723,13904.61046,15047.42007,14324.96787
105,Washington US-DC,-77.068531,38.867407,2.413708586,2.771118303,2.738302292,1.984353889,3.087841402,2.569985025,3.197005648,3.355573341,3.892895779,"c(1616574.3078538, 1921601.33147246)",38379.86841,43886.25439,42622.4258,38074.97619,50035.07629,43665.91914,45499.21525,50224.21418,49940.44898
106,Washington's Birthplace US-VA,-76.947792,38.114261,3.864004439,4.235651636,3.64524975,2.726267729,4.200381559,3.7597193,3.923415694,4.332300494,4.734542307,"c(1643557.02190392, 1840935.30602838)",35921.93116,41039.20942,44992.32046,37627.52324,49062.44742,44322.46496,42145.04918,48834.03768,48471.17206
107,Waterville US-ME,-69.663085,44.564089,-3.233156476,-3.312183795,-2.653175621,-2.907586661,-3.518533297,-3.959670541,-2.565471654,-2.452110649,-2.236285553,"c(2060685.99290878, 2684573.77429214)",46064.2163,49040.27309,57218.08378,59709.18087,56390.36975,47316.95068,52715.28213,67347.32945,62056.35002
108,Waukegan US-IL,-87.874218,42.349288,-0.167113455,-0.240132237,-0.843458118,-0.591020314,-0.893001815,-1.330909293,-0.306416288,-0.176263015,0.054352874,"c(664327.254025032, 2178395.16569597)",20775.61271,20949.45205,21784.87897,20752.52344,22274.71714,26114.97287,24218.82871,26045.99426,25860.3532
109,Waukesha US-WI,-88.355334,42.973992,-1.332292164,-1.683626159,-1.93104197,-1.604716816,-1.902232725,-2.494971233,-1.629672567,-1.818347863,-1.601022755,"c(619470.477505127, 2244726.15954449)",26857.71043,25812.59935,28057.24304,25798.47206,28993.08579,34434.65294,27937.93263,31975.01384,33842.50786
110,Wheeling US-WV,-80.661797,40.096589,0.293768209,0.54616793,-0.324449129,-0.63729014,0.592117016,0.249255075,0.817862753,0.953166109,1.42606582,"c(1290592.13356002, 2002176.18033284)",32193.55391,37014.66743,35275.74699,32500.44483,40194.14027,42073.69511,38742.13137,41037.38072,46882.28307
111,Wichita US-KS,-97.349617,37.691233,2.543844569,2.65889218,2.034208829,2.189685796,1.801151214,1.642141215,2.242013624,1.585655191,1.765610463,"c(-117878.956759335, 1629055.36009483)",20645.59543,25902.90743,18309.40761,25340.30129,25553.95864,25447.60329,28659.70432,26765.43843,24146.42079
112,Williamsport US-PA,-76.935462,41.250146,-0.866326308,-0.952556683,-1.058775341,-1.818993822,-0.594095126,-1.315409922,-0.868846951,-0.6090721,0.139818035,"c(1574590.8990129, 2185468.32183404)",37521.71018,44978.90961,48036.43426,37676.3549,48612.58305,40632.07782,46526.49741,48997.90081,47628.17859
113,Wooster US-OH,-82.018921,40.746354,0.249640162,0.315635898,-0.110076199,-0.549649904,0.207488123,-0.194633128,0.040411939,0.147844585,0.705683038,"c(1166596.45941899, 2056555.0465948)",29897.56348,31984.59139,33313.22359,31285.70091,37375.37318,38661.3667,37623.23429,39333.32,45391.53728
114,Wyncote US-PA,-75.1306555,40.102823,1.964294147,2.259884918,2.410797861,1.639491497,2.841563826,2.087488851,2.43240431,2.893631403,3.194471136,"c(1749349.16421218, 2091352.91922874)",39945.63644,43826.56139,49233.32146,41032.79556,52745.41289,44704.91946,47423.93294,57616.90794,51856.547
115,Yankton US-SD,-97.383305,42.933321,-3.062175742,-3.140483772,-3.734517255,-3.570523511,-4.05541655,-3.960736396,-3.454472894,-3.438728722,-3.391194426,"c(-112276.556696198, 2216070.43195943)",10952.63742,15730.77151,12771.89766,12376.70255,17138.01009,16257.94645,18245.32293,22044.35601,19650.43157
116,York US-PA,-76.790865,39.86312933,1.679522137,1.679233146,0.951046503,0.598724222,1.711022984,0.933013933,1.459678391,1.669115501,2.377586436,"c(1617560.03374808, 2035679.41120113)",38781.11397,45131.32651,44444.89536,37948.21571,48766.62706,41668.86423,46653.9306,49747.51599,51064.73476
117,Youngstown US-OH,-80.707477,41.0233655,0.021891017,0.192743915,-0.211124701,-0.361424518,0.076977739,-0.568608671,-0.159050874,0.049603295,0.587464294,"c(1270149.33942904, 2104023.07056425)",29682.2289,33905.97263,35355.89621,32261.38075,38725.43508,39255.5316,37582.97239,38512.09797,44023.04225
118,Zanesville US-OH,-82.05,40.0333,0.765776727,0.906233196,-0.056029167,-0.394640022,0.671787051,0.461314465,0.574786325,0.757272246,1.325947395,"c(1175705.11261819, 1977155.31760191)",30794.97645,33250.89144,34038.98689,32755.77797,37873.85389,41207.92865,36711.00417,40671.37649,44268.97581
